sku,requested-quantity
08-5NRZ-N0UJ,1
1 1/8 New,1
1/2 mm New,0
10-mm-2-pieces,2
12 pc stubby inch,0
14 pc stubby mm,0
14 pc wrench set,0
15 mm New,0
15/16 New,1
18 mm New,1
19 mm New,0
21 mm New,0
22 mm New,1
24 mm New,0
26 pc inch mm,1
26 pc-rack,2
3/4 New,0
30 mm New,0
3I-LY09-4BRM,0
5I-I30J-VYEU,0
64-PL86-N2UI,8
7 mm New,0
7/8 mm New,1
8 mm New,0
9/16 New,1
C2-F3A7-VUKZ,0
CJ-7BTH-4JGY,9
GG-GYVM-XVUF,0
HG-27DV-OWPD,0
HM-CF1J-HSEH,0
M0-LJXG-7P9J,0
New 30 Slot,0
P2-SC1T-VJWH,1
TP-D4CH-B5JZ,0
TW104_B,5
TW105_B,1
TW_10B,3
TW_10B_KIT,0
TW_BLACK_PRIDE,9
TW_ELEMEN_BLUE,3
TW_ELEMEN_GREEN,3
TW_ELEMEN_GREY,0
TW_ELEMEN_PINK,4
TW_GRAD_BLUE+ PURPLE,1
TW_GRAD_PINK+ BLUE,0
TW_GRAD_PURPLE+ PINK,2
TW_LOTUS_BLUE,0
TW_LOTUS_GREEN,2
TW_LOTUS_GREY,3
TW_LOTUS_PINK,3
TW_PASTEL_PINK,0
TW_PASTEL_PURPLE,2
TW_PASTEL_WHITE,0
TW_SILICONE_BOWL_BLACK_3252,3
TW_SILICONE_BOWL_LIGHTPINK_3254,1
TW_SILICONE_BOWL_MAGENTA_3253,3
TW_SILICONE_BOWL_PURPLE_325,7
TW_SILICONE_BOWL_WHITE_3251,5
TW_WTC_CREAM,2
TW_WTC_PINK,3
TW_WTC_WHITE,0
UNKNOW,0
VF-XDS1-1UU6,4
WH-001D,0
XM-37LB-SVD4,0
YP-MYS1-S2J6,2
amzn.gr.08-5NRZ-N0UJ-n1t14Anfls6RQk9X-GD,0
amzn.gr.10-mm-2-pieces-kXxPNKjCsh3agk-VG,0
amzn.gr.26 pc inch mm-UFOFC8U5yFZSMmi-AC,0
amzn.gr.30 mm New-lYtTPQfluy65CdBHnU2-VG,0
amzn.gr.3I-LY09-4BRM-C7d-FZZ4n_mhNZXq-LN,0
amzn.gr.3I-LY09-4BRM-DVTc8yNodRv1HagU-VG,0
amzn.gr.3I-LY09-4BRM-lRgosFtWp2h0Rob7-VG,0
amzn.gr.VF-XDS1-1UU6-H0XN5A5Q4Cmr03Xr-VG,0
immersion-rod,0
